{"ts": "2026-06-29T07:23:00.084335+00:00", "epoch": 1782717780.084333, "pid": 34035, "status": {"scanned": 7, "halted": false, "symbols": ["EURUSD", "USDJPY", "MES", "MNQ", "ZT", "ZN", "SR3", "BTC"]}}